subreddit,avg_score
Fauxmoi,58.81477298396205
BestofRedditorUpdates,55.067522838607175
movies,52.95817774458551
rpdrcringe,52.891304347826086
nevertellmetheodds,52.321100917431195
wholesomegreentext,51.176767676767675
greentext,47.988224904327346
tifu,43.72290763587863
sadcringe,42.73031825795645
jerma985,42.04708520179372
